{"MAE":0.0964700456,"RMSE":0.1504981869,"MDAE":0.069561377,"PCC":0.5483895483,"seed":23.0}