{"MAE":6.881775413e+17,"RMSE":9.557702977e+18,"MDAE":0.0706634597,"PCC":-0.0696591683,"seed":3.0}