{"MAE":0.0727760715,"RMSE":0.1041862102,"MDAE":0.0574140312,"PCC":0.8371851315,"seed":7.0}